image_name,pothole_id,area_px,perimeter_px,centroid_x_px,centroid_y_px,aabb_x,aabb_y,aabb_w_px,aabb_h_px,minrect_center_x_px,minrect_center_y_px,minrect_width_px,minrect_length_px,minrect_angle_deg,area_m2,perimeter_m,aabb_w_m,aabb_h_m,minrect_width_m,minrect_length_m
00003.jpg,1,301223.5,2383.834687948227,619.9726681351223,549.1377731153113,146,348,928.0,407.0,612.306640625,544.0164184570312,395.0840759277344,930.8075561523438,83.96674346923828,,,,,,
00065.jpg,1,165853.0,2193.155542254448,434.8658540997148,215.12128913354996,16,78,795.0,324.0,424.1953125,208.77015686035156,296.5967712402344,807.8218383789062,7.355207443237305,,,,,,
00066.jpg,1,309907.0,2592.684542298317,663.1765551170728,579.839180786494,218,355,895.0,463.0,665.33544921875,578.2918090820312,437.1039733886719,896.4801635742188,2.862405300140381,,,,,,
00072.jpg,1,63225.0,1127.8376560211182,585.5168973243706,753.2459101093976,356,661,467.0,178.0,589.0,749.5,177.0,466.0,0.0,,,,,,
00072.jpg,2,57153.0,1169.0681046247482,1297.9209169539072,533.7439766941368,1040,461,511.0,144.0,1294.8465576171875,534.6810913085938,142.5013427734375,509.8908996582031,2.385944128036499,,,,,,
00072.jpg,3,37497.0,1179.2447284460068,979.4017965881715,109.51844592011805,706,64,542.0,95.0,976.78076171875,107.12973022460938,90.22977447509766,541.026611328125,2.1816413402557373,,,,,,
00072.jpg,4,29452.5,797.830514550209,1266.2406586877175,679.2933593639475,1085,613,327.0,124.0,1248.0,674.5,123.0,326.0,90.0,,,,,,
00072.jpg,5,23320.5,800.5168067216873,988.7935007111054,369.12208143050105,812,324,355.0,95.0,988.3297729492188,369.301025390625,85.91943359375,354.5525207519531,6.072457313537598,,,,,,
00072.jpg,6,17893.0,676.4751760959625,343.99310717412766,385.07381843924065,195,344,302.0,80.0,345.69970703125,383.710205078125,77.7693099975586,300.3628234863281,1.4688007831573486,,,,,,
00072.jpg,7,4126.5,362.4091612100601,1171.639928914738,186.8354133850317,1093,169,161.0,40.0,1173.2218017578125,188.70635986328125,38.8323860168457,159.93374633789062,87.95458984375,,,,,,
00086.jpg,1,5130.5,352.208150267601,486.0427183835233,294.379202806744,412,266,147.0,56.0,485.1685791015625,295.91845703125,45.54559326171875,149.97195434570312,16.164499282836914,,,,,,
00096.jpg,1,17164.5,887.5462440252304,461.7096720945362,315.0288871410955,274,283,405.0,71.0,476.14849853515625,312.8743896484375,65.34977722167969,403.2123718261719,85.47117614746094,,,,,,
00100.jpg,1,6966.0,527.7645000219345,552.2051392477749,423.7080581873863,429,402,237.0,48.0,546.8970336914062,422.80120849609375,46.064613342285156,235.02777099609375,4.524768352508545,,,,,,
00100.jpg,2,4230.5,344.0660148859024,536.3198597486506,524.9318835441043,467,502,148.0,47.0,540.6046142578125,528.3848266601562,46.26587677001953,145.8915252685547,5.355824947357178,,,,,,
00100.jpg,3,655.5,126.66904675960541,426.57894736842104,461.3806254767353,398,451,54.0,20.0,424.434326171875,460.2666320800781,18.727195739746094,53.18288040161133,88.31531524658203,,,,,,
00105.jpg,1,15806.0,630.4163012504578,602.8539689569361,357.8564996414863,456,314,269.0,97.0,592.5738525390625,351.01300048828125,84.14950561523438,263.2525939941406,16.336042404174805,,,,,,
00164.jpg,1,19996.5,771.3452333211899,1028.1343735153653,444.87129414314165,840,400,337.0,99.0,1011.0751953125,436.86236572265625,81.90258026123047,337.2154235839844,9.369384765625,,,,,,
00167.jpg,1,69404.0,1211.0924886465073,1068.980719170845,744.1858250244943,815,650,486.0,192.0,1057.5,745.5,191.0,485.0,0.0,,,,,,
00183.jpg,1,62868.5,1982.5453679561615,657.54396876019,527.8748949526922,331,363,574.0,303.0,611.1009521484375,517.9783935546875,227.18963623046875,602.9072265625,15.740107536315918,,,,,,
00184.jpg,1,238824.0,2391.6307150125504,582.305127764937,415.19791352627874,332,75,519.0,819.0,556.6640014648438,453.9909973144531,484.46533203125,796.6348266601562,16.013242721557617,,,,,,
00190.jpg,1,80755.5,1692.5697495937347,992.0950894985481,708.5802102230394,736,577,612.0,307.0,1026.740966796875,701.13671875,284.9537658691406,583.477294921875,72.58444213867188,,,,,,
00196.jpg,1,65424.0,1624.253956079483,637.1285995964784,368.8650775454471,350,260,648.0,226.0,673.197998046875,381.4793701171875,203.22540283203125,664.1812744140625,8.673173904418945,,,,,,
00196.jpg,2,10445.5,558.7766921520233,235.86424776219425,178.86290747211717,110,146,237.0,67.0,228.27049255371094,180.6979217529297,65.55989074707031,235.75100708007812,88.31531524658203,,,,,,
00204.jpg,1,199205.0,2433.013402938843,568.050451377559,313.87293826292847,94,154,901.0,372.0,558.9664306640625,291.2721252441406,342.121337890625,914.8857421875,11.255555152893066,,,,,,
00229.jpg,1,314882.5,2748.6328033208847,589.9552801441807,580.2976925255188,117,360,934.0,458.0,581.0836791992188,580.0049438476562,432.824951171875,934.5923461914062,2.9135026931762695,,,,,,
00234.jpg,1,921068.5,11478.314709424973,2266.2764597131845,2222.1467681285376,504,1625,3523.0,1304.0,2266.96044921875,2017.93408203125,1199.819091796875,3348.482177734375,14.5252103805542,,,,,,
00234.jpg,2,326940.5,3674.5108778476715,1832.1145784426624,1597.519204564745,1138,1437,1501.0,332.0,1887.801025390625,1584.9638671875,324.87603759765625,1503.4595947265625,86.24827575683594,,,,,,
00235.jpg,1,172677.5,1991.1240137815475,636.5083242846732,258.66721875558,216,119,826.0,286.0,624.9918212890625,266.09014892578125,283.55792236328125,820.7970581054688,5.19442892074585,,,,,,
00252.jpg,1,932703.0,4099.379181027412,748.8291660546462,1259.8993984866206,224,592,1099.0,1271.0,727.8004150390625,1278.1905517578125,1012.0669555664062,1275.160400390625,56.39063262939453,,,,,,
00252.jpg,2,58411.5,1162.5067020654678,556.5848876790814,233.04058276195613,298,149,479.0,183.0,537.4800415039062,242.36341857910156,180.99603271484375,477.4471435546875,88.8228530883789,,,,,,
00264.jpg,1,32583.5,960.3990563154221,649.8475813422948,509.18903228116477,436,446,419.0,123.0,646.3929443359375,507.2257080078125,108.52452850341797,422.1880798339844,8.790543556213379,,,,,,
00265.jpg,1,206404.5,2213.6479597091675,579.0382202584407,278.7307342297931,145,76,861.0,406.0,560.7274169921875,285.4549560546875,334.4990234375,883.989990234375,21.271610260009766,,,,,,
00282.jpg,1,48607.5,1001.9381598234177,452.84598741620806,377.01544686176686,255,297,407.0,169.0,456.33544921875,377.5182800292969,166.9724884033203,406.9402160644531,83.6598129272461,,,,,,
00282.jpg,2,16740.5,761.9726498126984,163.75344225082884,209.8465199167687,9,156,306.0,96.0,157.1477813720703,209.46286010742188,94.56063079833984,302.2643127441406,77.58255767822266,,,,,,
00282.jpg,3,7865.5,466.5512965917587,450.56499904646876,211.86023350920686,343,188,208.0,48.0,446.5,211.5,47.0,207.0,90.0,,,,,,
00282.jpg,4,4255.0,544.166520357132,501.6408147277712,118.22412847630238,372,106,256.0,28.0,499.4738464355469,119.02947998046875,25.355268478393555,255.11656188964844,0.9793196320533752,,,,,,
00282.jpg,5,1334.5,356.1248903274536,492.9290620706881,92.93205944798301,412,84,166.0,18.0,494.5169677734375,94.13155364990234,14.569107055664062,165.1472930908203,2.642545223236084,,,,,,
00288.jpg,1,58592.5,1334.1635568141937,646.218000028445,559.9004679210934,385,460,532.0,189.0,649.046875,556.6206665039062,175.91494750976562,535.38623046875,5.314545154571533,,,,,,
00288.jpg,2,1074.5,163.9827550649643,67.25856987746238,504.0206297502714,31,491,70.0,26.0,65.20590209960938,504.3235778808594,21.10059928894043,69.1226577758789,75.96376037597656,,,,,,
00315.jpg,1,11843.5,807.7472544908524,407.54581275242396,118.01466345815565,276,85,304.0,67.0,427.5,118.0,66.0,303.0,90.0,,,,,,
00315.jpg,2,11152.0,467.7644991874695,732.51956300813,422.12630021520806,648,371,152.0,98.0,725.3040771484375,421.7709045410156,94.11273193359375,151.49806213378906,86.69812774658203,,,,,,
00315.jpg,3,9136.5,492.51680755615234,83.18395081997117,476.0570969919188,0,400,141.0,126.0,89.23463439941406,484.05706787109375,99.72940826416016,166.9858856201172,56.06350326538086,,,,,,
00315.jpg,4,8393.0,561.7644994258881,391.661761785615,29.648476905357636,282,7,252.0,51.0,407.59661865234375,31.42947769165039,47.06938552856445,251.4026641845703,88.87670135498047,,,,,,
00315.jpg,5,6813.0,575.3624783754349,444.04210088556187,239.396472430158,331,210,216.0,59.0,438.9890441894531,241.31399536132812,49.8333740234375,216.33889770507812,85.19204711914062,,,,,,
00315.jpg,6,6193.5,447.5218588113785,578.9267780737871,186.70003498291217,490,161,187.0,53.0,582.2713012695312,187.45889282226562,51.715396881103516,185.43109130859375,4.184916019439697,,,,,,
00324.jpg,1,43640.0,1014.1808015108109,462.14339291170177,341.63482279254504,265,264,383.0,169.0,456.5836181640625,344.2060852050781,156.03118896484375,383.3157958984375,6.290670871734619,,,,,,
00328.jpg,1,753305.0,3433.4969465732574,2220.032314268457,1943.4035277875496,1678,1496,1128.0,962.0,2211.118896484375,1924.4814453125,947.3960571289062,999.3836059570312,33.90627670288086,,,,,,
00332.jpg,1,2314.0,239.62236404418945,305.36581676750217,863.4307116104868,258,833,81.0,59.0,299.81060791015625,857.616943359375,50.463226318359375,77.7795639038086,16.336042404174805,,,,,,
00333.jpg,1,33139.0,771.695520401001,492.7256455133428,577.494960620417,405,431,202.0,262.0,484.4046630859375,579.3399047851562,171.7903594970703,254.72454833984375,64.92810821533203,,,,,,
00333.jpg,2,11535.5,775.6639947891235,695.2891942265181,820.2407784664731,657,600,62.0,357.0,687.1525268554688,778.167724609375,60.68443298339844,356.005615234375,89.67811584472656,,,,,,
00345.jpg,1,10373.5,539.5462436676025,30.126058385951378,712.1671566973538,0,602,83.0,228.0,41.80223083496094,714.9696655273438,81.59820556640625,227.0198211669922,89.24615478515625,,,,,,
00345.jpg,2,3123.5,247.52185821533203,353.3338669227896,697.7833093218078,321,663,82.0,65.0,357.5268249511719,692.45849609375,60.763431549072266,80.87822723388672,77.90524291992188,,,,,,
00345.jpg,3,1581.5,201.03657710552216,604.8658446622404,475.9372958162082,581,441,55.0,73.0,607.0167846679688,482.92694091796875,29.997940063476562,80.66584014892578,57.9946174621582,,,,,,
00346.jpg,1,51224.5,1006.732096195221,351.1691443222156,405.5472836891201,163,280,370.0,232.0,354.84307861328125,410.870849609375,215.4215850830078,346.5802307128906,66.00968933105469,,,,,,
00357.jpg,1,6306.0,621.7300091981888,343.4865736335764,525.6002748704936,290,418,106.0,259.0,333.3062744140625,545.7289428710938,45.69171905517578,268.1978759765625,18.74134063720703,,,,,,
00357.jpg,2,2669.0,275.8233759403229,741.6697889346821,494.182652678906,701,471,99.0,56.0,746.2960205078125,499.1324157714844,54.19258117675781,95.29342651367188,24.10223388671875,,,,,,
00357.jpg,3,1204.5,165.23758745193481,93.99446519994464,284.42867026428667,65,259,54.0,52.0,94.46894836425781,285.370849609375,24.944835662841797,67.82125854492188,39.61069107055664,,,,,,
00357.jpg,4,969.0,138.56854152679443,698.2853457172342,248.19848641210868,669,233,54.0,29.0,695.5,247.0,28.0,53.0,90.0,,,,,,
00357.jpg,5,704.0,124.9116872549057,26.07149621212121,595.8248106060605,5,583,49.0,26.0,29.486492156982422,596.538818359375,22.62685775756836,48.00507736206055,19.17900848388672,,,,,,
00360.jpg,1,81165.5,1540.1534521579742,552.3733072138614,406.4487456698556,272,289,545.0,233.0,543.196044921875,402.083251953125,224.46875,539.0415649414062,87.35746002197266,,,,,,
00360.jpg,2,1126.0,227.94112491607666,557.0102131438721,122.67554766133806,501,114,107.0,16.0,554.0,121.5,15.0,106.0,-0.0,,,,,,
00369.jpg,1,505699.0,2795.8804953098297,606.9887841713482,1324.3753141691006,208,925,797.0,815.0,606.0,1332.0,796.0,814.0,90.0,,,,,,
00369.jpg,2,56062.0,1105.3523744344711,704.4144964503586,492.9176833981425,483,417,469.0,163.0,714.3323974609375,500.0087890625,163.5256805419922,460.9053649902344,6.088527679443359,,,,,,
00369.jpg,3,30688.5,888.4335463047028,782.1368971004339,95.20829192259858,590,46,363.0,106.0,772.003662109375,92.93262481689453,103.87537384033203,362.1739807128906,3.094058036804199,,,,,,
00376.jpg,1,7343.5,371.43859910964966,134.58089920791627,750.0928485508726,68,712,128.0,72.0,131.50518798828125,747.51513671875,69.98634338378906,127.47835540771484,89.42127990722656,,,,,,
00376.jpg,2,6107.0,368.87719762325287,560.7572730746137,723.6610447028,494,690,134.0,74.0,560.1885375976562,725.4262084960938,67.44912719726562,136.98057556152344,5.194429397583008,,,,,,
00377.jpg,1,212181.5,2163.148400783539,1324.1866601628008,1349.896296331207,892,1176,860.0,334.0,1321.5,1342.4998779296875,332.99993896484375,858.9998779296875,90.0,,,,,,
00379.jpg,1,220940.5,2023.231657743454,1078.6473205832942,1522.4693216801204,758,1304,635.0,480.0,1068.1322021484375,1516.09375,510.8717041015625,578.5026245117188,16.886791229248047,,,,,,
00406.jpg,1,238072.0,2633.8174443244934,683.1938125161015,749.5684666823482,141,606,1139.0,319.0,713.8396606445312,757.091552734375,309.7626647949219,1144.943603515625,83.92753601074219,,,,,,
00407.jpg,1,91586.0,1362.7981135845184,486.55989270558086,390.972577686546,313,222,401.0,327.0,516.5079956054688,387.89581298828125,326.58941650390625,399.06475830078125,2.1124112606048584,,,,,,
00427.jpg,1,12454.5,640.1391701698303,488.54216012953816,396.8072718026951,394,319,192.0,156.0,488.1402282714844,380.6289367675781,121.8045654296875,171.53619384765625,37.6262321472168,,,,,,
00427.jpg,2,6256.0,377.50461292266846,588.3792359335039,471.4844948849105,542,415,100.0,111.0,590.9595947265625,466.56414794921875,70.70840454101562,126.83389282226562,22.729732513427734,,,,,,
00428.jpg,1,5733.0,314.5929260253906,351.22280365137505,526.7196639339496,308,480,85.0,98.0,347.0846252441406,526.8231201171875,79.50626373291016,101.08831024169922,7.125016689300537,,,,,,
00428.jpg,2,325.5,73.35533845424652,364.66769073220684,254.29185867895546,353,244,24.0,21.0,365.0000305175781,254.0,19.677398681640625,22.360679626464844,63.43495178222656,,,,,,
00430.jpg,1,6508.0,347.98989510536194,363.66623130506036,630.2422403196066,301,584,111.0,95.0,364.2235412597656,628.3185424804688,90.34622192382812,96.76901245117188,47.66300582885742,,,,,,
00441.jpg,1,2139.0,182.71067655086517,473.3828112825307,652.7936730559451,443,631,63.0,45.0,472.4755859375,652.719482421875,44.3503303527832,60.693599700927734,77.90524291992188,,,,,,
00444.jpg,1,12061.5,508.114785194397,493.76053282482826,403.08887783443186,420,333,145.0,128.0,493.62322998046875,407.3970642089844,117.0833969116211,140.68226623535156,65.63754272460938,,,,,,
00446.jpg,1,446440.0,3157.5474557876587,2543.59125377057,2547.862017665681,1895,2334,1301.0,446.0,2545.0,2556.5,445.0,1300.0,90.0,,,,,,
00446.jpg,2,36024.0,1096.440685391426,4298.717160781701,2398.325486712562,4074,2331,482.0,128.0,4314.40478515625,2393.2060546875,125.78717041015625,481.99365234375,0.8184555172920227,,,,,,
00446.jpg,3,22611.0,848.6416963338852,4677.6549614494415,2358.976257868589,4479,2297,377.0,112.0,4663.3857421875,2361.902099609375,89.37751007080078,380.595458984375,6.175886154174805,,,,,,
00461.jpg,1,16835.5,563.2863576412201,799.8556324433489,573.758852820924,708,510,189.0,138.0,799.6600952148438,566.64453125,141.57676696777344,164.31881713867188,36.55247497558594,,,,,,
00480.jpg,1,1607899.5,5550.478806972504,1950.1812376955152,1232.703478772564,1101,536,1841.0,1321.0,2008.447998046875,1182.365478515625,1323.6685791015625,1800.6768798828125,86.23287963867188,,,,,,
00504.jpg,1,5652.0,376.793937087059,1069.951757489974,576.9422623260202,992,549,162.0,53.0,1072.7552490234375,578.0512084960938,44.170501708984375,159.63705444335938,7.46056604385376,,,,,,
00504.jpg,2,2691.0,325.53910398483276,485.05388331475285,485.6974482844048,407,472,153.0,27.0,483.0,485.0,26.0,152.0,-0.0,,,,,,
00516.jpg,1,248127.0,2190.8956553936005,725.5130276028002,796.1619761922993,333,551,734.0,481.0,693.0909423828125,814.6607666015625,467.2349853515625,723.2691040039062,80.4428939819336,,,,,,
00518.jpg,1,96150.0,1434.871269106865,266.98835153406134,365.4186236782804,60,175,446.0,398.0,258.6369323730469,363.66845703125,330.6559143066406,371.9424133300781,47.45904541015625,,,,,,
00534.jpg,1,133799.0,2155.945301294327,425.15554301601657,386.89903885679263,5,282,892.0,215.0,451.7378845214844,378.07586669921875,193.62899780273438,894.8408203125,86.38136291503906,,,,,,
00542.jpg,1,227702.5,1964.736275792122,675.5116156681049,477.76781692486173,307,269,734.0,425.0,672.392822265625,470.38946533203125,425.80120849609375,726.7584838867188,84.0428695678711,,,,,,
00544.jpg,1,145345.5,1835.0306482315063,633.6755260167439,310.4056931013803,253,167,732.0,313.0,612.7684326171875,306.30108642578125,296.75372314453125,720.9004516601562,17.389867782592773,,,,,,
00547.jpg,1,3500.0,304.8528118133545,377.6053333333333,539.4470952380952,307,523,133.0,37.0,373.0076904296875,540.638427734375,36.00004959106445,131.07566833496094,86.8201675415039,,,,,,
00565.jpg,1,38961.5,845.1686080694199,473.43534429287024,517.9049660134577,294,442,335.0,159.0,461.0,521.0,158.0,334.0,90.0,,,,,,
00568.jpg,1,120898.5,1842.8540192842484,791.1524887956976,449.69648093235236,468,270,626.0,393.0,801.2651977539062,445.87945556640625,253.08314514160156,680.7758178710938,28.38791847229004,,,,,,
00573.jpg,1,970782.0,4253.570088505745,1346.105144615372,1128.3894154403358,817,407,1063.0,1364.0,1358.4962158203125,1090.0169677734375,1009.4611206054688,1285.951416015625,12.582962989807129,,,,,,
00578.jpg,1,41181.5,935.1442239284515,636.4327954704579,532.7666185058825,440,467,375.0,143.0,627.3289794921875,538.0396728515625,141.95457458496094,373.8650207519531,89.59933471679688,,,,,,
00578.jpg,2,16051.5,653.6883800029755,149.3284739743949,435.20626317374285,15,389,279.0,93.0,154.36851501464844,436.22186279296875,79.46974182128906,280.39324951171875,6.414602279663086,,,,,,
00578.jpg,3,11067.5,682.0904006958008,481.549205632106,412.72264136736686,314,378,308.0,66.0,466.76611328125,412.5536804199219,54.04351806640625,308.9737243652344,5.940037727355957,,,,,,
00578.jpg,4,9933.0,544.5340522527695,601.2007449914427,349.11778918755664,473,316,243.0,67.0,595.7860107421875,343.7077331542969,64.67079162597656,245.41815185546875,12.15494155883789,,,,,,
00578.jpg,5,6138.5,408.6934311389923,263.4316201026309,306.60240015204585,162,277,178.0,55.0,249.86920166015625,307.29461669921875,50.682987213134766,177.5635223388672,81.46923065185547,,,,,,
00579.jpg,1,40779.0,876.1808005571365,305.95315807973054,442.18081201925827,148,344,317.0,196.0,302.01409912109375,444.92156982421875,161.4619903564453,342.4582214355469,14.955840110778809,,,,,,
00608.jpg,1,169636.0,2360.3616012334824,710.3255450886996,400.28456223914736,226,263,973.0,285.0,717.6192626953125,388.27325439453125,272.63360595703125,983.9464721679688,9.323592185974121,,,,,,
00608.jpg,2,5379.0,547.0782079696655,122.62799776910207,249.0872838817624,11,219,253.0,52.0,135.76382446289062,255.69113159179688,42.34500503540039,252.3451690673828,14.762615203857422,,,,,,
00620.jpg,1,86718.0,1707.6265398263931,598.7977620947592,850.550760318888,226,727,647.0,232.0,549.3387451171875,849.8211669921875,228.20848083496094,644.91455078125,86.93350982666016,,,,,,
00622.jpg,1,258423.5,2854.015489220619,516.7071318978344,370.1914454374312,3,182,1032.0,389.0,518.2632446289062,376.1719665527344,387.8573913574219,1030.6141357421875,0.325540691614151,,,,,,
00630.jpg,1,79828.5,1388.5554703474045,488.49772741982287,380.7377857949646,277,253,486.0,259.0,515.9068603515625,380.04583740234375,242.855224609375,480.14434814453125,85.21833038330078,,,,,,
00630.jpg,2,1025.5,154.32590079307556,427.9824475865432,108.76515520884121,399,97,64.0,26.0,430.381103515625,109.78500366210938,23.07002830505371,62.58868408203125,8.61564826965332,,,,,,
00640.jpg,1,89571.0,1261.7686767578125,309.04950821136305,267.0297175797226,103,117,411.0,301.0,309.4079895019531,268.94073486328125,296.2427978515625,414.1383361816406,87.58897399902344,,,,,,
00665.jpg,1,57802.0,1552.2051870822906,535.2789868862669,687.9928260844491,230,605,611.0,154.0,536.1348266601562,684.201171875,147.59938049316406,612.122802734375,4.5377726554870605,,,,,,
00673.jpg,1,70992.0,1113.0823819637299,404.9969292314627,286.01817810457516,213,160,398.0,273.0,406.93194580078125,272.68896484375,305.1904602050781,314.2935791015625,46.781959533691406,,,,,,
00693.jpg,1,93881.0,1792.5281217098236,513.7555167357257,264.42504340601397,253,116,499.0,458.0,543.6931762695312,274.9482116699219,411.47784423828125,444.2332763671875,49.564353942871094,,,,,,
00694.jpg,1,13516.0,765.5634891986847,772.5143903521752,338.31754957087895,604,310,358.0,59.0,782.4110107421875,340.11175537109375,57.66218566894531,356.22601318359375,1.6365771293640137,,,,,,
00694.jpg,2,7994.5,568.5756818056107,98.97085496278692,594.0324806637896,4,561,230.0,67.0,117.31476593017578,589.3700561523438,62.109703063964844,228.53225708007812,84.03550720214844,,,,,,
00702.jpg,1,154548.0,2093.9351946115494,656.6781614773404,548.2633011534712,277,377,854.0,307.0,690.376220703125,572.9503784179688,278.4102783203125,892.0311889648438,16.806461334228516,,,,,,
00733.jpg,1,32010.0,746.0975410938263,594.9404509007601,543.2044517338331,448,459,268.0,171.0,585.065185546875,542.806396484375,157.2540283203125,273.3334045410156,8.054413795471191,,,,,,
00756.jpg,1,145073.0,1928.3372161388397,631.2562916600608,391.45107520581587,215,264,792.0,256.0,613.26220703125,389.1402282714844,246.92489624023438,786.8246459960938,6.340191841125488,,,,,,
00821.jpg,1,21024.0,605.3624787330627,241.2673531836631,525.0821045788939,136,465,214.0,125.0,241.61428833007812,528.28125,121.63931274414062,215.51541137695312,2.563770055770874,,,,,,
00821.jpg,2,7916.5,475.1198387145996,587.3351860039159,398.7925219478305,496,362,191.0,72.0,591.812744140625,397.70166015625,66.51309967041016,190.99722290039062,7.352379322052002,,,,,,
00821.jpg,3,4796.0,391.4802294969559,418.4614956908535,275.2149360578259,331,252,171.0,46.0,415.21514892578125,273.7677001953125,40.744178771972656,171.97604370117188,81.46923065185547,,,,,,
00821.jpg,4,1516.0,186.3675309419632,668.9199648197009,486.5577176781003,638,455,51.0,60.0,662.7430419921875,483.7081298828125,49.50584411621094,59.067203521728516,1.9091525077819824,,,,,,
00827.jpg,1,216148.5,1815.9179499149323,290.8789188914103,424.86284506562225,7,177,567.0,485.0,290.0,419.0,484.0,566.0,-0.0,,,,,,
00846.jpg,1,123801.0,1572.195081114769,1190.8754304623278,1475.2826054178345,868,1324,623.0,287.0,1182.24853515625,1480.5703125,270.14190673828125,632.4625244140625,83.1572265625,,,,,,
00847.jpg,1,3667.0,270.5096662044525,271.42905190437233,503.292927915644,217,480,110.0,46.0,272.1199951171875,502.3399963378906,44.376014709472656,109.33140563964844,3.1798300743103027,,,,,,
00876.jpg,1,333215.5,2695.187071323395,730.4649283521725,706.5284017900327,186,443,1015.0,527.0,705.5001220703125,725.362060546875,445.0773620605469,1049.211181640625,78.20516967773438,,,,,,
00938.jpg,1,164031.5,2147.2173793315887,451.30724484829636,599.6072065426458,9,484,946.0,233.0,479.387451171875,602.7027587890625,219.5334930419922,945.1939086914062,5.8263421058654785,,,,,,
00946.jpg,1,1461254.5,5809.0717405080795,1868.6431988176369,1392.4753943728942,1115,466,1414.0,1733.0,1920.8861083984375,1434.6861572265625,1418.3238525390625,1587.600341796875,29.40355682373047,,,,,,
00950.jpg,1,80712.5,1170.874233007431,673.2313251768106,516.9299303081926,455,394,443.0,249.0,679.6231079101562,511.515380859375,236.28616333007812,450.3701171875,7.125016689300537,,,,,,
00981.jpg,1,399326.5,2446.5596511363983,595.7961087814941,589.803219086804,182,285,843.0,601.0,600.3045654296875,591.4346923828125,603.1314697265625,831.6421508789062,13.331296920776367,,,,,,
00988.jpg,1,40247.0,909.1269778013229,365.18531816035977,509.3191666459612,193,431,370.0,150.0,374.8739013671875,502.3641357421875,146.94805908203125,365.65234375,84.15107727050781,,,,,,
00988.jpg,2,9359.0,736.3574262857437,437.9653809167646,359.4129892794814,295,307,232.0,113.0,407.4871826171875,362.8847351074219,96.99022674560547,232.1669464111328,12.669815063476562,,,,,,
00992.jpg,1,29052.0,1203.102593779564,242.52816788287666,429.8484671164349,12,386,513.0,82.0,268.2968444824219,429.150390625,80.04519653320312,511.87353515625,0.902221143245697,,,,,,
00997.jpg,1,27597.0,810.7005717754364,390.8977545868512,360.09021512000095,312,220,150.0,275.0,385.86798095703125,355.84814453125,145.72439575195312,273.74273681640625,1.1550003290176392,,,,,,
00998.jpg,1,92130.0,1928.4204788208008,131.2493125655776,423.56380295958604,47,50,190.0,742.0,136.01776123046875,418.4311828613281,176.26866149902344,740.148681640625,87.97523498535156,,,,,,
00998.jpg,2,5201.5,296.00713980197906,526.1027588195712,364.1433560831811,468,334,115.0,64.0,525.1256103515625,365.0155944824219,62.57070541381836,114.06768035888672,87.61405944824219,,,,,,
pic-10-_jpg.rf.1d433d21e11d000b6b498eacb88fe4a9.jpg,1,28131.5,657.7716405391693,274.6190095326117,429.52178163268934,182,343,200.0,184.0,281.5,434.5,183.0,199.0,90.0,,,,,,
pic-10-_jpg.rf.1d433d21e11d000b6b498eacb88fe4a9.jpg,2,7900.0,361.84775936603546,48.013270042194094,375.14251054852315,0,320,101.0,116.0,45.854469299316406,373.7716369628906,86.5904769897461,123.05110168457031,22.98871612548828,,,,,,
pic-10-_jpg.rf.1d433d21e11d000b6b498eacb88fe4a9.jpg,3,6258.5,360.2914100885391,596.3654762855849,211.82320044739154,548,149,85.0,132.0,588.137939453125,217.65518188476562,77.89665985107422,131.5440673828125,85.2363510131836,,,,,,
pic-10-_jpg.rf.1d433d21e11d000b6b498eacb88fe4a9.jpg,4,6233.5,339.32085061073303,443.32410898104325,599.8724098286142,392,548,112.0,91.0,443.8565979003906,590.4221801757812,86.28056335449219,111.90217590332031,84.80557250976562,,,,,,
pic-10-_jpg.rf.1d433d21e11d000b6b498eacb88fe4a9.jpg,5,5688.5,353.5807341337204,59.00076177082418,590.2049456505815,18,512,71.0,128.0,51.0230598449707,576.7355346679688,69.41594696044922,127.3413314819336,87.67847442626953,,,,,,
pic-10-_jpg.rf.1d433d21e11d000b6b498eacb88fe4a9.jpg,6,4922.5,358.00713980197906,395.04391400033853,149.72287116979854,332,117,141.0,69.0,402.8461608886719,149.73077392578125,47.26398468017578,147.28318786621094,78.69007110595703,,,,,,
pic-10-_jpg.rf.1d433d21e11d000b6b498eacb88fe4a9.jpg,7,2794.0,228.6518017053604,472.07957528036263,204.2264972560248,427,184,93.0,44.0,473.0,205.5,43.0,92.0,90.0,,,,,,
pic-10-_jpg.rf.1d433d21e11d000b6b498eacb88fe4a9.jpg,8,2349.5,278.6934312582016,410.5257856281478,66.85443711427963,354,40,106.0,50.0,405.58099365234375,63.90776062011719,44.145347595214844,105.55836486816406,86.26860046386719,,,,,,
pic-10-_jpg.rf.1d433d21e11d000b6b498eacb88fe4a9.jpg,9,1781.0,176.02438461780548,521.8736664795059,97.11837918772224,487,79,65.0,42.0,519.4094848632812,100.86785888671875,40.82100296020508,63.62724685668945,84.64418029785156,,,,,,
pic-10-_jpg.rf.1d433d21e11d000b6b498eacb88fe4a9.jpg,10,1666.5,186.26702570915222,316.6005600560056,116.13251325132512,281,100,79.0,31.0,320.0,115.0,30.0,78.0,90.0,,,,,,
pic-10-_jpg.rf.1d433d21e11d000b6b498eacb88fe4a9.jpg,11,1302.5,143.15432822704315,352.7232245681382,256.73640435060776,329,240,50.0,35.0,353.76220703125,256.8597717285156,32.13557434082031,49.91505813598633,83.6598129272461,,,,,,
pic-10-_jpg.rf.1d433d21e11d000b6b498eacb88fe4a9.jpg,12,1130.0,145.8233745098114,159.882005899705,342.7974926253687,136,320,51.0,45.0,160.23013305664062,342.71368408203125,25.281375885009766,55.69230651855469,42.87890625,,,,,,
pic-10-_jpg.rf.1d433d21e11d000b6b498eacb88fe4a9.jpg,13,1033.5,131.8406196832657,221.20399935494274,219.39203354297692,203,200,35.0,42.0,222.20687866210938,218.98275756835938,30.082643508911133,46.238136291503906,21.801406860351562,,,,,,
pic-10-_jpg.rf.1d433d21e11d000b6b498eacb88fe4a9.jpg,14,832.5,119.29646360874176,80.35875875875875,271.1541541541541,61,255,41.0,35.0,80.38460540771484,270.076904296875,23.852109909057617,46.594818115234375,56.3099365234375,,,,,,
pic-10-_jpg.rf.1d433d21e11d000b6b498eacb88fe4a9.jpg,15,798.5,111.84062027931213,285.6689626382801,261.07472343978293,266,247,39.0,28.0,285.0961608886719,260.98077392578125,25.10286521911621,39.419342041015625,78.69007110595703,,,,,,
pic-10-_jpg.rf.1d433d21e11d000b6b498eacb88fe4a9.jpg,16,718.0,145.25483322143555,381.01299907149485,98.3391364902507,351,86,61.0,23.0,381.8861083984375,98.96443176269531,16.273900985717773,61.62739562988281,80.78897094726562,,,,,,
pic-10-_jpg.rf.1d433d21e11d000b6b498eacb88fe4a9.jpg,17,716.0,109.39696848392487,148.85637802607076,238.46438547486034,129,226,41.0,28.0,149.70591735839844,238.8235626220703,23.28342056274414,41.71612548828125,75.96376037597656,,,,,,
pic-10-_jpg.rf.1d433d21e11d000b6b498eacb88fe4a9.jpg,18,695.0,113.25483322143555,14.4431654676259,254.7693045563549,0,242,35.0,33.0,13.235517501831055,254.15972900390625,23.089754104614258,41.823673248291016,62.44719314575195,,,,,,
pic-10-_jpg.rf.1d433d21e11d000b6b498eacb88fe4a9.jpg,19,649.5,112.32590079307556,301.85245060302793,212.788298691301,282,200,42.0,27.0,302.9189147949219,213.51351928710938,22.029462814331055,44.058929443359375,80.53767395019531,,,,,,
pic-10-_jpg.rf.1d433d21e11d000b6b498eacb88fe4a9.jpg,20,531.5,98.32590067386627,440.909375979931,103.13609281906552,420,93,39.0,23.0,440.3845520019531,101.9230728149414,19.969207763671875,37.164913177490234,33.6900634765625,,,,,,
pic-10-_jpg.rf.1d433d21e11d000b6b498eacb88fe4a9.jpg,21,404.5,85.35533833503723,293.6497733827771,179.63782447466008,275,172,35.0,17.0,292.0,180.0,16.0,34.0,90.0,,,,,,
pic-10-_jpg.rf.1d433d21e11d000b6b498eacb88fe4a9.jpg,22,331.5,78.52691113948822,151.19607843137254,204.82051282051282,137,196,30.0,18.0,151.28378295898438,204.70269775390625,14.960307121276855,30.90700912475586,80.53767395019531,,,,,,
pic-10-_jpg.rf.500c683a687e403f4cdade4826a84b5b.jpg,1,27480.5,651.9137754440308,271.9941049107549,419.0960984455644,177,332,202.0,179.0,277.87127685546875,425.287109375,180.89776611328125,196.6193389892578,5.710593223571777,,,,,,
pic-10-_jpg.rf.500c683a687e403f4cdade4826a84b5b.jpg,2,7873.0,361.8477588891983,52.70631694821965,344.5633600067742,0,292,108.0,111.0,51.192806243896484,343.1722717285156,85.17938995361328,123.40870666503906,30.465543746948242,,,,,,
pic-10-_jpg.rf.500c683a687e403f4cdade4826a84b5b.jpg,3,7855.5,413.3797240257263,41.74595294167568,575.4408376296863,0,482,75.0,158.0,37.60689926147461,560.1827392578125,70.17282104492188,159.78262329101562,3.3664605617523193,,,,,,
pic-10-_jpg.rf.500c683a687e403f4cdade4826a84b5b.jpg,4,6424.0,340.59292566776276,423.59957451224574,603.638906185139,370,550,111.0,90.0,424.2535400390625,594.1897583007812,88.55890655517578,110.14779663085938,88.93909454345703,,,,,,
pic-10-_jpg.rf.500c683a687e403f4cdade4826a84b5b.jpg,5,6248.0,355.0782072544098,608.9003414425949,234.03006295347842,562,174,78.0,132.0,600.5,239.5,77.0,131.0,90.0,,,,,,
pic-10-_jpg.rf.500c683a687e403f4cdade4826a84b5b.jpg,6,4827.5,350.89444231987,415.0210598998791,155.08689798032108,351,129,143.0,57.0,422.51507568359375,156.83689880371094,46.23214340209961,144.7904052734375,84.95755004882812,,,,,,
pic-10-_jpg.rf.500c683a687e403f4cdade4826a84b5b.jpg,7,2719.5,225.5807341337204,486.37629466200895,215.5839921554207,443,193,89.0,46.0,486.858154296875,216.8240966796875,42.29365539550781,90.58866882324219,6.115502834320068,,,,,,
pic-10-_jpg.rf.500c683a687e403f4cdade4826a84b5b.jpg,8,2298.0,267.48022854328156,437.47816942268634,74.96649260226283,380,51,105.0,44.0,432.4552001953125,71.2379379272461,42.65913009643555,103.91517639160156,1.8279682397842407,,,,,,
pic-10-_jpg.rf.500c683a687e403f4cdade4826a84b5b.jpg,9,1714.0,170.8528118133545,544.3818553092182,115.1156164916375,510,99,64.0,41.0,541.5,119.0,40.0,63.0,90.0,,,,,,
pic-10-_jpg.rf.500c683a687e403f4cdade4826a84b5b.jpg,10,1638.0,184.85281205177307,340.6841676841677,114.87667887667888,305,98,79.0,33.0,344.119384765625,113.67279052734375,30.370344161987305,78.40977478027344,2.935673475265503,,,,,,
pic-10-_jpg.rf.500c683a687e403f4cdade4826a84b5b.jpg,11,1273.5,142.32590067386627,364.07590629498753,256.17680931815204,341,240,50.0,33.0,365.3984680175781,256.17230224609375,31.451501846313477,49.70113754272461,86.8201675415039,,,,,,
pic-10-_jpg.rf.500c683a687e403f4cdade4826a84b5b.jpg,12,1103.5,142.75230646133423,166.67769219151185,323.33136988370336,142,303,52.0,41.0,166.81414794921875,323.2876281738281,25.023174285888672,54.84402847290039,48.8140754699707,,,,,,
pic-10-_jpg.rf.500c683a687e403f4cdade4826a84b5b.jpg,13,983.5,129.49747359752655,237.66683612946957,207.43331638705303,219,189,37.0,40.0,238.50001525878906,207.0,28.621667861938477,45.16857147216797,26.56505012512207,,,,,,
pic-10-_jpg.rf.500c683a687e403f4cdade4826a84b5b.jpg,14,949.0,135.5391045808792,24.520899192132067,225.79030558482614,2,211,50.0,35.0,24.269184112548828,224.810791015625,22.32171058654785,53.225921630859375,64.35899353027344,,,,,,
pic-10-_jpg.rf.500c683a687e403f4cdade4826a84b5b.jpg,15,814.0,118.7106763124466,94.62346437346437,245.3431613431613,74,230,43.0,33.0,94.5,244.5,23.70232391357422,46.06300735473633,63.43495178222656,,,,,,
pic-10-_jpg.rf.500c683a687e403f4cdade4826a84b5b.jpg,16,804.5,111.35533845424652,297.6134244872592,254.21524756577583,278,241,39.0,26.0,297.0,253.5,25.0,38.0,90.0,,,,,,
pic-10-_jpg.rf.500c683a687e403f4cdade4826a84b5b.jpg,17,716.5,141.35533845424652,405.1046755059316,103.17911142126076,376,94,61.0,19.0,406.2720947265625,103.66989135742188,16.188119888305664,60.390098571777344,86.98721313476562,,,,,,
pic-10-_jpg.rf.500c683a687e403f4cdade4826a84b5b.jpg,18,696.0,106.91168749332428,164.60991379310346,219.83117816091954,145,209,41.0,25.0,165.34616088867188,220.26925659179688,23.442564010620117,40.807430267333984,82.87498474121094,,,,,,
pic-10-_jpg.rf.500c683a687e403f4cdade4826a84b5b.jpg,19,634.5,111.49747371673584,317.7869713685316,207.956658786446,297,197,44.0,24.0,319.0000305175781,207.00001525878906,20.57182502746582,46.510215759277344,63.43495178222656,,,,,,
pic-10-_jpg.rf.500c683a687e403f4cdade4826a84b5b.jpg,20,522.5,96.32590067386627,464.04657097288674,113.22615629984051,444,103,37.0,24.0,463.9586181640625,112.21269226074219,19.994613647460938,36.64440155029297,41.987213134765625,,,,,,
pic-10-_jpg.rf.500c683a687e403f4cdade4826a84b5b.jpg,21,392.5,85.35533833503723,312.6849256900212,175.31762208067937,294,168,35.0,17.0,311.0,176.0,16.0,34.0,90.0,,,,,,
pic-10-_jpg.rf.500c683a687e403f4cdade4826a84b5b.jpg,22,340.5,80.5269113779068,170.0053842388644,186.98776309348995,155,179,32.0,17.0,170.11766052246094,186.9705810546875,14.55213737487793,32.7423095703125,75.96376037597656,,,,,,
pic-10-_jpg.rf.5a901c212d899a7dc7dc78be7de892c0.jpg,1,29746.5,682.3401817083359,387.3180990480672,415.93867625883155,275,323,216.0,183.0,381.9615173339844,421.80767822265625,188.66372680664062,204.7452392578125,78.69007110595703,,,,,,
pic-10-_jpg.rf.5a901c212d899a7dc7dc78be7de892c0.jpg,2,7473.0,341.2203434705734,596.9301039297025,312.0440251572327,546,261,94.0,112.0,599.25,310.7499694824219,84.14570617675781,120.20814514160156,45.0,,,,,,
pic-10-_jpg.rf.5a901c212d899a7dc7dc78be7de892c0.jpg,3,5164.0,364.30865573883057,205.07584559772783,159.13826491092178,121,137,153.0,49.0,196.91464233398438,159.23170471191406,47.570526123046875,152.6442413330078,1.7899105548858643,,,,,,
pic-10-_jpg.rf.5a901c212d899a7dc7dc78be7de892c0.jpg,4,4766.0,320.45079255104065,25.49881102252063,264.0335711288292,1,214,64.0,124.0,32.499996185302734,275.5,62.99999237060547,122.99998474121094,0.0,,,,,,
pic-10-_jpg.rf.5a901c212d899a7dc7dc78be7de892c0.jpg,5,4656.5,299.8650050163269,256.40248398296285,611.8283403128244,207,568,106.0,72.0,259.5,603.5,71.0,105.0,90.0,,,,,,
pic-10-_jpg.rf.5a901c212d899a7dc7dc78be7de892c0.jpg,6,3678.5,349.43859827518463,623.9019074804041,527.3433917810702,602,457,38.0,156.0,627.0507202148438,533.5385131835938,34.63401794433594,157.632080078125,82.23483276367188,,,,,,
pic-10-_jpg.rf.5a901c212d899a7dc7dc78be7de892c0.jpg,7,2944.5,235.23758792877197,139.3034471047716,230.08909265862906,95,203,89.0,52.0,139.31471252441406,231.5211181640625,45.11351013183594,94.27912902832031,78.31063079833984,,,,,,
pic-10-_jpg.rf.5a901c212d899a7dc7dc78be7de892c0.jpg,8,2481.0,281.137082695961,171.83259438398494,78.8708182184603,124,56,109.0,48.0,176.16595458984375,74.74453735351562,44.60525131225586,108.50640869140625,82.40535736083984,,,,,,
pic-10-_jpg.rf.5a901c212d899a7dc7dc78be7de892c0.jpg,9,1882.0,177.33809399604797,66.34484590860787,132.72387530995394,37,114,65.0,45.0,65.75000762939453,127.75,47.37614822387695,57.982749938964844,45.0,,,,,,
pic-10-_jpg.rf.5a901c212d899a7dc7dc78be7de892c0.jpg,10,1762.5,193.2375876903534,276.200378250591,108.95205673758865,234,89,80.0,40.0,272.8846435546875,108.42306518554688,31.378582000732422,80.79985046386719,78.69007110595703,,,,,,
pic-10-_jpg.rf.5a901c212d899a7dc7dc78be7de892c0.jpg,11,1328.0,146.56854116916656,270.9238202811245,258.03501506024094,244,242,53.0,33.0,269.96307373046875,258.4085998535156,32.12481689453125,51.64922332763672,86.42366790771484,,,,,,
pic-10-_jpg.rf.5a901c212d899a7dc7dc78be7de892c0.jpg,12,1181.5,151.09545230865479,483.3382705600225,304.81520665820284,454,286,57.0,39.0,482.7768249511719,304.70849609375,25.927902221679688,57.78218078613281,32.905242919921875,,,,,,
pic-10-_jpg.rf.5a901c212d899a7dc7dc78be7de892c0.jpg,13,1081.5,134.46803629398346,394.66404684851284,193.55124056094928,375,174,42.0,41.0,393.6985778808594,193.42092895507812,30.645116806030273,47.91705322265625,56.97612762451172,,,,,,
pic-10-_jpg.rf.5a901c212d899a7dc7dc78be7de892c0.jpg,14,879.5,123.29646396636963,547.0684100814857,215.77278756869433,524,201,46.0,32.0,546.9725952148438,214.73973083496094,24.812725067138672,47.75279235839844,20.556047439575195,,,,,,
pic-10-_jpg.rf.5a901c212d899a7dc7dc78be7de892c0.jpg,15,842.0,115.5979790687561,339.00811559778305,248.38361045130642,319,236,42.0,26.0,339.5,248.5,25.0,41.0,90.0,,,,,,
pic-10-_jpg.rf.5a901c212d899a7dc7dc78be7de892c0.jpg,16,788.5,147.3553385734558,208.77087296554637,104.34094271824138,175,96,64.0,18.0,206.5,104.5,17.0,63.0,90.0,,,,,,
pic-10-_jpg.rf.5a901c212d899a7dc7dc78be7de892c0.jpg,17,754.0,110.9116872549057,471.50751547303264,197.4493810786914,450,186,43.0,25.0,471.0,198.0,24.0,42.0,90.0,,,,,,
pic-10-_jpg.rf.5a901c212d899a7dc7dc78be7de892c0.jpg,18,735.0,118.42640602588654,610.2018140589569,185.5689342403628,589,173,40.0,30.0,610.921630859375,184.49493408203125,23.54392433166504,43.20195770263672,17.744670867919922,,,,,,
pic-10-_jpg.rf.5a901c212d899a7dc7dc78be7de892c0.jpg,19,691.0,114.91168713569641,312.12301013024603,202.95465508924264,288,193,47.0,23.0,311.0,204.0,22.0,46.0,90.0,,,,,,
pic-10-_jpg.rf.5a901c212d899a7dc7dc78be7de892c0.jpg,20,556.5,99.1543276309967,148.68313866427073,121.62533692722371,133,110,37.0,26.0,149.25,120.25000762939453,20.50609588623047,38.18376159667969,45.0,,,,,,
pic-10-_jpg.rf.5a901c212d899a7dc7dc78be7de892c0.jpg,21,436.5,89.84061968326569,313.1179839633448,168.3012600229095,298,159,35.0,21.0,314.01922607421875,166.90382385253906,17.786455154418945,33.941123962402344,67.61986541748047,,,,,,
pic-10-_jpg.rf.5a901c212d899a7dc7dc78be7de892c0.jpg,22,363.5,82.52691125869751,461.5240715268226,163.86978450252178,445,156,34.0,16.0,461.5,163.5,15.0,33.0,90.0,,,,,,
pic-106-_jpg.rf.0cbfb7193cdb49723d65f538678e22d2.jpg,1,147114.5,1565.3393025398254,321.2076126645118,381.4346942914079,55,160,555.0,418.0,319.03033447265625,405.2369689941406,373.49078369140625,502.19366455078125,35.779178619384766,,,,,,
pic-106-_jpg.rf.ac62ec1fab28b4344978edf35e9d2f3b.jpg,1,158826.0,1629.380935907364,316.6184251948673,372.2191549242567,16,143,578.0,432.0,318.2056579589844,396.5308532714844,384.36578369140625,526.2704467773438,55.21086883544922,,,,,,
pic-106-_jpg.rf.e4becd5b84615a7550986c2835dc285e.jpg,1,153973.5,1593.6336773633957,342.42417905245594,387.8072406398936,77,178,562.0,390.0,344.8902587890625,411.80548095703125,380.3272399902344,515.7085571289062,23.702646255493164,,,,,,
pic-119-_jpg.rf.4871608ed18b586f1e4e5f2e440b1320.jpg,1,23394.0,582.9259669780731,313.94273460431447,335.5127953036391,217,254,199.0,163.0,312.5,334.5,162.63455200195312,181.01931762695312,45.0,,,,,,
pic-119-_jpg.rf.8c7abcd78dd1d16256589acaf80a4182.jpg,1,22107.5,567.4284924268723,297.961197180444,319.3450035809868,200,245,194.0,150.0,299.29412841796875,317.17645263671875,155.72071838378906,179.04452514648438,30.963756561279297,,,,,,
pic-119-_jpg.rf.efb59ea51e49ee98c39fcda52e3b6389.jpg,1,20307.0,545.8721441030502,327.5418328655144,325.9554012573661,236,255,186.0,144.0,326.43255615234375,323.9360046386719,147.23529052734375,173.05882263183594,61.927513122558594,,,,,,
pic-153-_jpg.rf.f7752000f79cfa2acc35f9a7149ee56d.jpg,1,67953.5,1072.3544595241547,332.7576896946686,466.5423586226856,142,310,363.0,302.0,325.9296875,477.1109619140625,233.37716674804688,391.1884765625,45.6095085144043,,,,,,
pic-153-_jpg.rf.f7752000f79cfa2acc35f9a7149ee56d.jpg,2,14857.5,553.0020860433578,517.2417746368276,191.3696337427786,414,136,222.0,102.0,522.230712890625,198.19161987304688,91.79133605957031,222.16787719726562,21.27496910095215,,,,,,
pic-153-_jpg.rf.f7752000f79cfa2acc35f9a7149ee56d.jpg,3,4166.0,298.5096665620804,112.96779484717554,349.5541286605857,57,329,123.0,47.0,118.04998779296875,348.3499755859375,42.85067367553711,123.6022720336914,81.8698959350586,,,,,,
pic-163-_jpg.rf.75e0f6d481468e27710dc5bec3a78ea2.jpg,1,76920.5,1214.496598482132,276.0431896135187,425.7274502029151,61,249,397.0,322.0,290.3363342285156,430.15960693359375,234.2532958984375,437.1951599121094,62.14555740356445,,,,,,
pic-186-_jpg.rf.6df069fb0a914f27571234fbc1aa446b.jpg,1,63216.0,974.9991236925125,295.523200877415,425.97243577575296,117,288,342.0,267.0,297.4999694824219,434.0,280.6568298339844,282.06524658203125,50.194427490234375,,,,,,
pic-188-_jpg.rf.dcd45e3458a07cec9ba93918315d2eaf.jpg,1,102205.5,1604.187940478325,260.49936484174856,456.4324245433628,7,294,536.0,310.0,268.5950012207031,446.533935546875,301.854736328125,526.8509521484375,5.617580890655518,,,,,,
pic-190-_jpg.rf.a8973074639f95f416ad6ba0ccbbb03e.jpg,1,10120.5,480.77669155597687,332.2566243433295,497.8331274805263,225,459,199.0,80.0,325.082275390625,493.92193603515625,73.07637023925781,195.5879669189453,11.67370891571045,,,,,,
pic-190-_jpg.rf.a8973074639f95f416ad6ba0ccbbb03e.jpg,2,1924.0,184.50966656208038,409.69213444213443,379.91995841995845,372,363,78.0,35.0,410.5,380.0,34.0,77.0,90.0,,,,,,
pic-190-_jpg.rf.a8973074639f95f416ad6ba0ccbbb03e.jpg,3,1614.0,183.94112491607666,256.60945890128045,344.3804213135068,218,332,75.0,26.0,255.0,344.5,25.0,74.0,90.0,,,,,,
pic-190-_jpg.rf.a8973074639f95f416ad6ba0ccbbb03e.jpg,4,1470.0,159.88224983215332,178.1953514739229,403.5297052154195,152,386,60.0,36.0,181.5,403.5,35.0,59.0,90.0,,,,,,
pic-190-_jpg.rf.a8973074639f95f416ad6ba0ccbbb03e.jpg,5,1345.5,177.15432798862457,114.45559271646228,349.97460671373716,79,339,76.0,25.0,116.5,351.0,24.0,75.0,90.0,,,,,,
pic-190-_jpg.rf.a8973074639f95f416ad6ba0ccbbb03e.jpg,6,745.5,149.35533833503723,37.98435054773083,284.0690811535882,4,276,67.0,17.0,36.86896896362305,284.4276428222656,14.782095909118652,65.93811798095703,85.2363510131836,,,,,,
pic-231-_jpg.rf.15d03eb1f1aea5ae78f46547ddb947b5.jpg,1,24583.5,627.8305151462555,376.1969884949932,414.2881946563074,272,342,222.0,144.0,381.6050720214844,416.3190612792969,141.66110229492188,221.81719970703125,3.5763344764709473,,,,,,
pic-231-_jpg.rf.15d03eb1f1aea5ae78f46547ddb947b5.jpg,2,9866.5,436.4924211502075,298.59641210155576,292.27274109359956,223,258,166.0,82.0,305.5,298.5,81.0,165.0,90.0,,,,,,
pic-231-_jpg.rf.15d03eb1f1aea5ae78f46547ddb947b5.jpg,3,3793.5,245.9238795042038,205.89991652387855,178.27591054874566,163,151,88.0,56.0,206.93243408203125,178.0946044921875,56.060054779052734,82.69268798828125,80.53767395019531,,,,,,
pic-237-_jpg.rf.b4c9d0f7d582f53d9355532af217097e.jpg,1,158567.0,1528.361601948738,264.64220802562954,338.51543406467505,23,123,488.0,434.0,269.1085205078125,345.9713134765625,413.1152038574219,465.3521423339844,68.60946655273438,,,,,,
pic-26-_jpg.rf.cd93dd54b669257758fd0cdafe4f0032.jpg,1,79405.0,1209.8031668663025,348.97438238566,274.0782192557144,104,159,477.0,226.0,341.6231384277344,275.92626953125,221.58140563964844,476.7435302734375,11.070201873779297,,,,,,
pic-284-_jpg.rf.684fdc990a5a35d7a5d296857475e65d.jpg,1,195830.0,1878.361602306366,318.4988833852491,329.97140376857476,51,68,499.0,508.0,294.10650634765625,322.8233642578125,499.9720458984375,500.8184509277344,87.37760162353516,,,,,,
pic-308-_jpg.rf.8f5b6dc0b616365d05bce17bf30eff39.jpg,1,102909.0,1301.4743013381958,376.7081855490449,293.68043287435177,161,107,444.0,371.0,373.3014831542969,283.9854736328125,286.5389099121094,464.1689147949219,39.50767517089844,,,,,,
pic-308-_jpg.rf.8f5b6dc0b616365d05bce17bf30eff39.jpg,2,7951.5,354.97770285606384,78.99911966295667,285.4485736443857,16,247,132.0,80.0,81.5,286.5,79.0,131.0,90.0,,,,,,
pic-43-_jpg.rf.dbbb1c368f5ada95ebf45d45838b1bd7.jpg,1,140933.5,1644.104680776596,306.082130934093,515.0293578176942,11,348,629.0,292.0,325.0,493.5,291.0,628.0,90.0,,,,,,
pic-49-_jpg.rf.7566ef76e82dccc357ff1691393cdff8.jpg,1,106288.5,1670.9818824529648,276.8404828995297,477.7467678378501,25,251,446.0,389.0,247.5,445.0,388.0,445.0,90.0,,,,,,
pic-49-_jpg.rf.7566ef76e82dccc357ff1691393cdff8.jpg,2,2024.5,177.63960874080658,615.8786531653906,323.4564913147279,586,301,54.0,50.0,612.5,325.5,49.0,53.0,90.0,,,,,,
